{
  "t_final": 1.0,
  "timestamp": "2026-05-05T09:54:03.210878",
  "success": true,
  "final_alpha": 0.05,
  "n_steps": 3,
  "steps": [
    {
      "step": 1,
      "alpha": 0.1,
      "mse": 0.0005883139021843686
    },
    {
      "step": 2,
      "alpha": 0.01,
      "mse": 0.007454734442066002
    },
    {
      "step": 3,
      "alpha": 0.05,
      "mse": 0.0
    }
  ]
}