{
  "t_final": 5.0,
  "timestamp": "2026-05-05T11:19:56.048519",
  "success": true,
  "final_alpha": 0.05,
  "n_steps": 3,
  "steps": [
    {
      "step": 2,
      "alpha": 0.1,
      "mse": 0.00011198879148250459
    },
    {
      "step": 3,
      "alpha": 0.01,
      "mse": 0.0012551064247303717
    },
    {
      "step": 4,
      "alpha": 0.05,
      "mse": 0.0
    }
  ]
}