{
  "t_final": 10.0,
  "timestamp": "2026-05-05T10:08:38.422803",
  "success": true,
  "final_alpha": 0.05,
  "n_steps": 4,
  "steps": [
    {
      "step": 1,
      "alpha": 0.1,
      "mse": 3.822205867835712e-05
    },
    {
      "step": 2,
      "alpha": 0.2,
      "mse": 6.990836006326101e-05
    },
    {
      "step": 3,
      "alpha": 0.15,
      "mse": 6.193527030867359e-05
    },
    {
      "step": 4,
      "alpha": 0.05,
      "mse": 0.0
    }
  ]
}