{
  "t_final": 5.0,
  "timestamp": "2026-05-05T09:57:58.294351",
  "success": true,
  "final_alpha": 0.05,
  "n_steps": 3,
  "steps": [
    {
      "step": 1,
      "alpha": 0.1,
      "mse": 0.000130240812937537
    },
    {
      "step": 2,
      "alpha": 0.2,
      "mse": 0.00030962685799906277
    },
    {
      "step": 3,
      "alpha": 0.05,
      "mse": 0.0
    }
  ]
}