{
  "t_final": 5.0,
  "timestamp": "2026-04-15T12:15:55.156470",
  "success": true,
  "final_alpha": 0.005,
  "n_steps": 4,
  "steps": [
    {
      "step": 2,
      "alpha": 0.1,
      "mse": 0.001569615297976067
    },
    {
      "step": 3,
      "alpha": 0.05,
      "mse": 0.0011849321774287977
    },
    {
      "step": 4,
      "alpha": 0.01,
      "mse": 0.00013118131617894047
    },
    {
      "step": 5,
      "alpha": 0.005,
      "mse": 0.0
    }
  ]
}