{
  "t_final": 10.0,
  "timestamp": "2026-04-15T12:20:36.788257",
  "success": true,
  "final_alpha": 0.005,
  "n_steps": 4,
  "steps": [
    {
      "step": 2,
      "alpha": 0.1,
      "mse": 0.001163769509284165
    },
    {
      "step": 3,
      "alpha": 0.05,
      "mse": 0.0009260185122530378
    },
    {
      "step": 4,
      "alpha": 0.01,
      "mse": 0.00013550105693716118
    },
    {
      "step": 5,
      "alpha": 0.005,
      "mse": 0.0
    }
  ]
}