{
  "t_final": 1.0,
  "timestamp": "2026-04-15T12:11:03.886178",
  "success": true,
  "final_alpha": 0.005,
  "n_steps": 4,
  "steps": [
    {
      "step": 1,
      "alpha": 0.1,
      "mse": 0.0025458604536072057
    },
    {
      "step": 2,
      "alpha": 0.01,
      "mse": 0.0002995161934512574
    },
    {
      "step": 3,
      "alpha": 0.001,
      "mse": 0.0021909481577057884
    },
    {
      "step": 4,
      "alpha": 0.005,
      "mse": 0.0
    }
  ]
}