{
  "t_final": 1.0,
  "timestamp": "2026-05-05T11:18:26.917387",
  "success": true,
  "final_alpha": 0.05,
  "n_steps": 3,
  "steps": [
    {
      "step": 2,
      "alpha": 0.1,
      "mse": 0.00031382068032515735
    },
    {
      "step": 3,
      "alpha": 0.01,
      "mse": 0.003925400864241158
    },
    {
      "step": 4,
      "alpha": 0.05,
      "mse": 0.0
    }
  ]
}