{
  "t_final": 1.0,
  "timestamp": "2026-04-15T12:26:55.569130",
  "success": true,
  "final_alpha": 0.05,
  "n_steps": 3,
  "steps": [
    {
      "step": 1,
      "alpha": 0.1,
      "mse": 0.0001351848561214288
    },
    {
      "step": 2,
      "alpha": 0.01,
      "mse": 0.0008276607509255578
    },
    {
      "step": 3,
      "alpha": 0.05,
      "mse": 0.0
    }
  ]
}