{
  "t_final": 10.0,
  "timestamp": "2026-04-15T12:29:54.634825",
  "success": true,
  "final_alpha": 0.05,
  "n_steps": 4,
  "steps": [
    {
      "step": 2,
      "alpha": 0.1,
      "mse": 3.333016748520614e-05
    },
    {
      "step": 3,
      "alpha": 0.01,
      "mse": 0.00040443547748977767
    },
    {
      "step": 4,
      "alpha": 0.001,
      "mse": 0.0026828188404739313
    },
    {
      "step": 5,
      "alpha": 0.05,
      "mse": 0.0
    }
  ]
}