{
  "t_final": 5.0,
  "timestamp": "2026-05-05T09:59:40.491534",
  "success": true,
  "final_alpha": 0.05,
  "n_steps": 2,
  "steps": [
    {
      "step": 1,
      "alpha": 0.1,
      "mse": 0.000130240812937537
    },
    {
      "step": 2,
      "alpha": 0.05,
      "mse": 0.0
    }
  ]
}