{
  "t_final": 10.0,
  "timestamp": "2026-04-28T14:23:03.182961",
  "success": true,
  "final_alpha": 0.005,
  "n_steps": 4,
  "steps": [
    {
      "step": 2,
      "alpha": 0.1,
      "mse": 0.004081948604340047
    },
    {
      "step": 3,
      "alpha": 0.05,
      "mse": 0.0034460057597282432
    },
    {
      "step": 4,
      "alpha": 0.01,
      "mse": 0.0005652690776060326
    },
    {
      "step": 5,
      "alpha": 0.005,
      "mse": 0.0
    }
  ]
}