{
  "t_final": 1.0,
  "timestamp": "2026-04-28T14:09:58.697398",
  "success": true,
  "final_alpha": 0.005,
  "n_steps": 3,
  "steps": [
    {
      "step": 2,
      "alpha": 0.1,
      "mse": 0.008680699752037833
    },
    {
      "step": 3,
      "alpha": 0.01,
      "mse": 0.00016748054188560238
    },
    {
      "step": 4,
      "alpha": 0.005,
      "mse": 0.0
    }
  ]
}