{
  "t_final": 5.0,
  "timestamp": "2026-04-28T14:10:55.312695",
  "success": true,
  "final_alpha": 0.005,
  "n_steps": 4,
  "steps": [
    {
      "step": 1,
      "alpha": 0.1,
      "mse": 0.006880551452069556
    },
    {
      "step": 2,
      "alpha": 0.01,
      "mse": 0.0005877491112443587
    },
    {
      "step": 3,
      "alpha": 0.001,
      "mse": 0.0020528773232645742
    },
    {
      "step": 4,
      "alpha": 0.005,
      "mse": 0.0
    }
  ]
}