{
  "t_final": 5.0,
  "timestamp": "2026-05-05T11:19:12.024298",
  "success": true,
  "final_alpha": 0.05,
  "n_steps": 4,
  "steps": [
    {
      "step": 1,
      "alpha": 0.1,
      "mse": 0.00011198879148250459
    },
    {
      "step": 2,
      "alpha": 0.2,
      "mse": 0.00031422628755189454
    },
    {
      "step": 3,
      "alpha": 0.15,
      "mse": 0.00023305844502844722
    },
    {
      "step": 4,
      "alpha": 0.05,
      "mse": 0.0
    }
  ]
}