{
  "t_final": 5.0,
  "timestamp": "2026-05-05T09:56:10.361784",
  "success": true,
  "final_alpha": 0.05,
  "n_steps": 3,
  "steps": [
    {
      "step": 1,
      "alpha": 0.1,
      "mse": 0.000130240812937537
    },
    {
      "step": 2,
      "alpha": 0.01,
      "mse": 0.002509392222472285
    },
    {
      "step": 3,
      "alpha": 0.05,
      "mse": 0.0
    }
  ]
}