{
  "t_final": 1.0,
  "timestamp": "2026-05-05T11:16:20.570400",
  "success": true,
  "final_alpha": 0.05,
  "n_steps": 3,
  "steps": [
    {
      "step": 3,
      "alpha": 0.1,
      "mse": 0.00031382068032515735
    },
    {
      "step": 4,
      "alpha": 0.2,
      "mse": 0.0010126935525096815
    },
    {
      "step": 5,
      "alpha": 0.05,
      "mse": 0.0
    }
  ]
}