{
  "t_final": 1.0,
  "timestamp": "2026-04-28T14:30:13.941639",
  "success": true,
  "final_alpha": 0.05,
  "n_steps": 2,
  "steps": [
    {
      "step": 2,
      "alpha": 0.1,
      "mse": 0.0005646941050276826
    },
    {
      "step": 3,
      "alpha": 0.05,
      "mse": 0.0
    }
  ]
}