{
  "t_final": 5.0,
  "timestamp": "2026-04-28T14:30:37.724553",
  "success": true,
  "final_alpha": 0.05,
  "n_steps": 3,
  "steps": [
    {
      "step": 1,
      "alpha": 0.1,
      "mse": 0.00010127399868834607
    },
    {
      "step": 2,
      "alpha": 0.01,
      "mse": 0.00236604938539678
    },
    {
      "step": 3,
      "alpha": 0.05,
      "mse": 0.0
    }
  ]
}