{
  "t_final": 10.0,
  "timestamp": "2026-04-28T14:31:48.513371",
  "success": true,
  "final_alpha": 0.05,
  "n_steps": 2,
  "steps": [
    {
      "step": 2,
      "alpha": 0.1,
      "mse": 2.6909529788077546e-05
    },
    {
      "step": 3,
      "alpha": 0.05,
      "mse": 0.0
    }
  ]
}