{
  "t_final": 1.0,
  "timestamp": "2026-05-05T09:36:57.408438",
  "success": false,
  "final_alpha": 0.4,
  "n_steps": 3,
  "steps": [
    {
      "step": 1,
      "alpha": 0.5,
      "mse": 0.0368130357097535
    },
    {
      "step": 1,
      "alpha": 0.3,
      "mse": 0.0338969103092059
    },
    {
      "step": 1,
      "alpha": 0.4,
      "mse": 0.035681048886361214
    }
  ]
}