{
  "t_final": 1.0,
  "timestamp": "2026-05-05T11:24:37.417233",
  "success": true,
  "final_alpha": 0.005,
  "n_steps": 4,
  "steps": [
    {
      "step": 1,
      "alpha": 0.1,
      "mse": 0.015294305573641384
    },
    {
      "step": 2,
      "alpha": 0.01,
      "mse": 0.0019391290453934418
    },
    {
      "step": 3,
      "alpha": 0.001,
      "mse": 0.026611943224622354
    },
    {
      "step": 4,
      "alpha": 0.005,
      "mse": 0.0
    }
  ]
}