{
  "t_final": 5.0,
  "timestamp": "2026-04-15T12:01:52.567345",
  "success": true,
  "final_alpha": 0.05,
  "n_steps": 4,
  "steps": [
    {
      "step": 2,
      "alpha": 0.1,
      "mse": 5.7551479661023796e-05
    },
    {
      "step": 3,
      "alpha": 0.01,
      "mse": 0.000605889685082305
    },
    {
      "step": 4,
      "alpha": 0.001,
      "mse": 0.003455080692269005
    },
    {
      "step": 5,
      "alpha": 0.05,
      "mse": 0.0
    }
  ]
}