{
  "t_final": 10.0,
  "timestamp": "2026-05-05T11:21:25.703851",
  "success": true,
  "final_alpha": 0.05,
  "n_steps": 3,
  "steps": [
    {
      "step": 1,
      "alpha": 0.1,
      "mse": 5.252234888619599e-05
    },
    {
      "step": 2,
      "alpha": 0.2,
      "mse": 9.825250540090776e-05
    },
    {
      "step": 3,
      "alpha": 0.05,
      "mse": 0.0
    }
  ]
}