{
  "t_final": 10.0,
  "timestamp": "2026-05-05T10:12:40.553492",
  "success": true,
  "final_alpha": 0.05,
  "n_steps": 3,
  "steps": [
    {
      "step": 2,
      "alpha": 0.1,
      "mse": 3.822205867835712e-05
    },
    {
      "step": 3,
      "alpha": 0.01,
      "mse": 0.001388341653563796
    },
    {
      "step": 4,
      "alpha": 0.05,
      "mse": 0.0
    }
  ]
}