{
  "t_final": 1.0,
  "timestamp": "2026-04-22T01:20:02.256707",
  "success": true,
  "final_alpha": 0.05,
  "n_steps": 4,
  "steps": [
    {
      "step": 2,
      "alpha": 0.1,
      "mse": 3.4319561748840215e-05
    },
    {
      "step": 3,
      "alpha": 0.01,
      "mse": 0.000766055356405391
    },
    {
      "step": 4,
      "alpha": 0.001,
      "mse": 0.0020267989618431917
    },
    {
      "step": 5,
      "alpha": 0.05,
      "mse": 0.0
    }
  ]
}