{
  "t_final": 10.0,
  "timestamp": "2026-04-22T01:23:58.716602",
  "success": true,
  "final_alpha": 0.05,
  "n_steps": 3,
  "steps": [
    {
      "step": 2,
      "alpha": 0.1,
      "mse": 6.416831805921506e-05
    },
    {
      "step": 3,
      "alpha": 0.01,
      "mse": 0.0007811784602376366
    },
    {
      "step": 4,
      "alpha": 0.05,
      "mse": 0.0
    }
  ]
}