{
  "t_final": 5.0,
  "timestamp": "2026-04-22T01:20:56.456381",
  "success": true,
  "final_alpha": 0.05,
  "n_steps": 3,
  "steps": [
    {
      "step": 2,
      "alpha": 0.1,
      "mse": 0.00013970399049021405
    },
    {
      "step": 3,
      "alpha": 0.01,
      "mse": 0.00048463688735987323
    },
    {
      "step": 4,
      "alpha": 0.05,
      "mse": 0.0
    }
  ]
}