{
  "t_final": 5.0,
  "timestamp": "2026-04-22T00:57:54.939137",
  "success": true,
  "final_alpha": 0.005,
  "n_steps": 4,
  "steps": [
    {
      "step": 2,
      "alpha": 0.1,
      "mse": 0.000874309565266209
    },
    {
      "step": 3,
      "alpha": 0.01,
      "mse": 1.8193535483149965e-05
    },
    {
      "step": 4,
      "alpha": 0.001,
      "mse": 0.0014247280628211464
    },
    {
      "step": 5,
      "alpha": 0.005,
      "mse": 0.0
    }
  ]
}