{
  "t_final": 10.0,
  "timestamp": "2026-04-22T01:07:31.637737",
  "success": true,
  "final_alpha": 0.005,
  "n_steps": 4,
  "steps": [
    {
      "step": 2,
      "alpha": 0.1,
      "mse": 0.0017516548128318331
    },
    {
      "step": 3,
      "alpha": 0.05,
      "mse": 0.001145298729665417
    },
    {
      "step": 4,
      "alpha": 0.01,
      "mse": 3.4723825267851824e-05
    },
    {
      "step": 5,
      "alpha": 0.005,
      "mse": 0.0
    }
  ]
}