{
  "t_final": 1.0,
  "timestamp": "2026-04-22T00:54:56.803378",
  "success": true,
  "final_alpha": 0.005,
  "n_steps": 3,
  "steps": [
    {
      "step": 2,
      "alpha": 0.1,
      "mse": 0.0013029517361431053
    },
    {
      "step": 3,
      "alpha": 0.01,
      "mse": 0.00020383294946264323
    },
    {
      "step": 4,
      "alpha": 0.005,
      "mse": 0.0
    }
  ]
}